seriesuid,coordX,coordY,coordZ,diam,probability
489,32.362815142517945,24.022684031799116,-21.269225581054684,9.946744986361646,0.9830546114171737
489,73.31553434484857,69.77421670939654,-36.45528744018554,9.973561571019566,0.7923009943752407
489,-68.24408356029772,46.19869716617538,-149.0030093029785,9.983358796743698,0.49883174318948975
841,75.33396392276,-78.87862801551819,-212.4017505645752,9.987173304317412,0.9063684658984031
841,-90.60632557461548,27.767343521118164,-83.73434829711914,9.65419809681682,0.38768303616818717
841,-102.74881989548493,17.66874074935913,-107.09734725952148,9.812813092238546,0.35688682296025015
056,-86.30130387034421,-52.89937198489889,-129.21413456787104,9.953213082384572,0.9515731936372068
056,-104.07081420864358,-25.389445576573337,-254.8027614294433,9.984628649535557,0.7636857859225622
056,-104.6367209494341,6.5443185519467875,-114.21699559082026,9.993207899712553,0.5126056217663899
056,-74.32331288053444,-22.416795999115777,-158.8843158422851,9.977273913215154,0.4973898118018822
056,-28.795078659198566,81.44290265686476,-237.3200420080566,9.891027937743182,0.4467404239093185
056,97.75365675762134,31.215889108014096,-265.8557799993896,9.93525790750977,0.36695802602789684
056,-84.48174959569349,-9.223310043744561,-181.87412297119135,10.004558894287396,0.35913276323212845
056,-105.88935780398685,-46.222359429232085,-274.5171455084228,9.957025215058247,0.3146244849372631
134,-28.1158471625061,-49.149935245513916,-223.26186718530278,9.980665273815877,0.5960243552232423
134,120.77265257427979,-17.106367349624634,-209.16841091699223,9.984753590472836,0.5628200312104967
134,58.868040986755375,7.242093086242676,-43.56896938867192,9.985913841611891,0.5134508339283527
134,128.34787602017212,8.583240509033203,-216.65132107324223,9.9768969228619,0.3677309737014696
387,98.16832046703743,29.041754466627054,-133.35004425048828,9.996853816817959,0.9962861895731526
387,95.56734455814544,50.497314838328776,-139.07283401489258,10.006398108589194,0.9903139429502812
387,115.24517001465969,10.5485849415127,-131.35612106323242,10.00201957201819,0.7896713614802497
387,97.9380332874392,39.151058740360924,-137.63774490356445,9.980511048735817,0.5620497328380222
387,-34.592927004592326,22.531979751074715,-115.07073974609375,9.888864852995898,0.4554174900649308
387,-46.128865237554834,98.61747200347602,-170.05818939208984,9.9457485663206,0.44239928419625707
290,-87.3224145770073,-170.7898890376091,-66.60544424307517,9.948036086421064,0.9941649291594528
290,-86.92590630054474,-170.59796357154846,-67.99787889857106,9.93668651455189,0.8648495951994635
290,-35.08837705850601,-135.35080993175507,-35.57420422039576,9.906269305440667,0.7887522935732372
290,92.14931631088257,-195.18148654699326,-301.181629740354,5.452812521787078,0.42473665628378615
290,-118.76569694280624,-128.90976572036743,-80.14241287860858,5.507765444024512,0.40857994664687236
290,-84.28140646219254,-175.2284567952156,-68.8342131049314,5.50730048416482,0.32091091083049383
357,-80.83672469854355,248.2720240354538,-508.8475796699063,10.00739229129458,0.9986925914585294
357,-81.12498599290848,247.77080285549164,-507.4196775333362,9.977369101536253,0.927289477578981
357,-87.96005654335022,245.03510308265686,-506.367736678068,9.857077946113522,0.7059047220976153
357,-105.5180966258049,219.72696006298065,-514.3071435534753,9.967541939967372,0.4924588458582857
357,-80.6683361530304,240.9106080532074,-508.9103085480033,9.842157308927272,0.3758335233720773
357,-112.67970091104507,146.54540622234344,-481.4445661665345,9.846202479361217,0.34723231241821456
357,-74.42226368188858,250.80032896995544,-513.5840143241162,9.941801901707162,0.32301530568787645
357,-74.30183035135269,244.93947803974152,-506.56977829200196,9.82841296000293,0.3127562258324033
576,92.37170344591141,220.67671404049838,-363.271728515625,9.989850608687664,0.9597967742166047
576,44.69431138038635,260.046424724321,-363.47747802734375,9.980766183222146,0.8871050195858418
576,-120.31011851131916,210.43377713129962,-319.0999755859375,10.022622154691067,0.8863690275996028
576,-102.03315557539463,225.56143716738666,-284.2333679199219,9.97680787151712,0.8726077598130864
576,-135.85645826160908,165.47862187788928,-441.73187255859375,9.853245440782283,0.8372602096571984
576,-79.44969499111176,180.43878407047237,-387.1052551269531,9.969834528250033,0.7556890237143307
576,-122.87034855782986,157.83247561023677,-355.09942626953125,9.84643041128683,0.7233906678200008
576,47.60370409488678,252.21486971543277,-443.1451110839844,9.845162785698381,0.7223190461137103
576,-128.04216520488262,227.94877813027347,-404.0728759765625,9.94331005193262,0.6804370834368894
576,30.123845994472504,271.9397999422356,-371.9339904785156,9.920568148477743,0.6199303508331244
576,-154.2067720144987,188.25768963263477,-463.83570861816406,9.82947497919122,0.46980316517301596
576,-59.724255591630936,168.773987449865,-323.6769104003906,9.823068979175135,0.4518855670356888
576,-55.2043197453022,245.8745916263863,-490.29144287109375,9.919008538012665,0.4424207033662885
576,-54.05706384778023,252.81934753821338,-390.32427978515625,9.907305487173971,0.4073156710920595
576,-98.12317864596844,272.93955550358737,-417.6934356689453,9.817480923669004,0.36405232564750223
576,-83.23109084367752,217.7874486224457,-366.27618408203125,9.800858627327965,0.3403993681074428
576,-97.89795459806919,276.65286199019397,-428.00218200683594,9.880910631976418,0.3193088446630908
612,302.85177803307334,331.33955389131734,-142.96704864501953,10.00543839044759,0.963666484059714
612,428.5663879854731,297.9165958864214,-208.30445861816406,10.003769176569179,0.9619224383333369
612,305.2713627833003,333.9641643951909,-100.99687194824219,9.995821283876364,0.8950829517595873
612,386.3760937955415,283.5858481821924,-133.7793312072754,9.973316652141857,0.8890027615918845
612,420.9619576533917,271.68860798462265,-238.888765335083,9.888188550899462,0.851125378394795
612,426.0906133184438,307.45878381795774,-197.50200843811035,9.931278908285904,0.8040809325771338
612,322.69758177728755,266.53770547319436,-209.0954933166504,9.99492800010128,0.7270751103079696
612,405.6275427358017,285.8052482699277,-157.82195663452148,9.944178421766196,0.709902157091831
612,418.3552333183655,321.25909020794643,-192.70472145080566,9.816200386482924,0.6607452284742279
612,309.9949650905149,330.82044849090744,-105.99853134155273,9.921661230336497,0.5464057180066912
612,303.63985039301434,331.130426144402,-144.17815780639648,9.795122231120036,0.45373138074222974
612,310.8447151690637,295.7236185481197,-114.7179183959961,9.870935851403939,0.4366361114678056
612,386.86942315716834,283.77822612326054,-134.57524871826172,9.759479737404867,0.30276842673249993
812,36.96788839439773,172.0079203015747,-470.2539524052735,10.00558278772133,0.9899187401394354
812,71.30050329307937,106.13936249079133,-535.6772045109864,9.954926521097352,0.9545686545085809
812,-107.22445701618767,67.67666432918931,-516.8179477666016,9.824116129507928,0.826718628493572
812,37.030955592197415,171.95380899967574,-471.665638348877,9.94301459307096,0.7181823871258443
812,61.82145039181137,186.9021943575325,-452.53575172167973,9.81909549687758,0.6900207248266544
812,72.02318880895996,105.44449553551102,-537.7305835698243,9.808209430888976,0.3550925633141128
574,-63.66280532052994,-184.74073666503904,-177.04652489685122,9.95529346530541,0.8082425028698755
574,-111.7992330210495,-147.23819321563718,-278.8382414555849,9.899233691918717,0.5169273264133892
574,-99.98374101689339,-175.20285552909849,-222.3910599522751,9.976017668570883,0.5106704770182828
687,-67.58018999099733,72.00572490692139,-118.25509643554688,10.000444138972062,0.8834492453897972
687,91.6109535217285,39.92255687713623,-164.87664794921875,9.951830405899363,0.783681602069898
687,-53.38707714080812,23.46782684326172,-212.51752471923828,9.81730043773868,0.6875833943350653
687,-79.91059451103212,8.111729621887207,-221.00564575195312,9.931443619837072,0.5805879993033172
687,-85.29422788619996,-3.2522428035736084,-177.55811309814453,9.793686613629504,0.44896101263877086
687,-91.68574421405793,-5.167790651321411,-229.19287300109863,9.880897988003522,0.4443269498715502
687,-20.34514813423158,76.30706548690796,-153.61981964111328,9.642357946868335,0.3746378551081014
687,-85.01734881401063,-1.5766346454620361,-179.60286712646484,9.77671645676718,0.3179394047171541
337,-100.27881045554625,15.546268320118543,-181.50155459265136,9.632684791435917,0.9784308656380603
337,99.60900504966355,52.911430160616874,-158.60674296240234,5.5163321785063815,0.3038248368870802
058,-67.16485305500464,-46.9592590687607,-206.75932670043943,10.028490662737639,0.4351708336735561
058,-115.26783838357551,-14.666539610530862,-213.90298629211424,10.000553928755764,0.4100955989293702
506,97.84281253814697,0.35910606384277344,-113.42471694946289,9.946002904793618,0.9971582431360887
506,97.56450653076172,1.0163545608520508,-112.55797958374023,9.81940633169009,0.9450955533691509
506,97.67749309539795,-6.464385986328125,-117.87070846557617,9.927926334526658,0.6406540857678028
506,94.7467565536499,4.119634628295898,-108.57549285888672,9.798337133960555,0.5020457419815556
506,94.37518119812012,-2.151823043823242,-108.54703521728516,9.897742053342396,0.3091216635760426
591,-89.57003083442822,54.23941873783406,-213.21514555249018,10.010764465166002,0.5091795140753379
591,-145.1765169871416,53.927023975003976,-321.0424179676513,9.974439271161364,0.44872491230224876
591,102.96070021966835,58.09708606817367,-250.60375639233393,9.859702579438984,0.3659927022295795
591,121.49269525084702,43.88556788041387,-297.72907682690425,9.962771602910054,0.3493274829801604
591,97.17254072573661,24.504554336876026,-225.3134770039062,9.839691280553321,0.3344775506789665
591,78.92912442004337,-10.389312653174784,-213.97974439892573,9.851982498104508,0.3332607639238714
222,-46.793628883361805,81.24732761383058,-108.49188613891602,9.911073084176081,0.8407551369273286
222,56.30116348266603,87.09311275482179,-161.4263038635254,10.006147090185422,0.7465845542513275
222,-55.89003677368163,43.89564781188966,-185.88702011108398,9.950560424440319,0.31830690606103795
280,95.24358129501343,51.29777355194091,-97.73880767822266,9.968938107631908,0.9802891747909543
280,-64.74439287185669,-1.660555171966564,-154.17712020874023,9.980173085522114,0.9709090133623706
280,-96.90616035461426,34.00055093765258,-131.95427703857422,9.970266147666804,0.9435089480161459
280,100.43475008010864,43.0242745399475,-142.1610336303711,9.915389386323739,0.9284714630724247
280,105.91937398910522,-12.032432126998913,-163.97589492797852,9.998354264930292,0.9184154564862451
280,101.28443098068237,25.68653984069823,-133.78027725219727,9.957091388850172,0.9154805359009021
280,-36.85008430480957,31.053243112564076,-78.00619888305664,9.8348883196029,0.8876015296578733
280,-43.20042872428894,-2.5040669918060416,-80.07752227783203,9.94231997614656,0.8658106835157576
280,114.65307569503784,39.895981979370106,-76.5859489440918,9.809581325544647,0.8301318699971446
280,-84.95276713371277,110.83296461105346,-197.24402236938477,9.898993972507498,0.766273318550817
280,-89.15171706676483,69.57069797515868,-220.185697555542,9.644057355682538,0.7429979588301526
280,-96.56223142147064,33.81865425109862,-130.96581268310547,9.785082684712531,0.6895521858660555
280,96.01904010772705,51.13443775177001,-98.5044174194336,9.729953121526147,0.6636967309331665
280,62.78722143173218,83.17099971771239,-224.72985076904297,9.752330465170655,0.5860714304178649
280,76.90385913848877,-2.586700487136852,-169.6089916229248,9.722435230608161,0.5317023735957028
280,90.40161466598511,9.937520456314076,-224.22262954711914,9.759156984404827,0.44776754840802097
280,-34.7649028301239,33.57276005744933,-80.10975646972656,9.728659972445552,0.4415245070974078
280,-81.47638821601868,83.4932081222534,-92.0719223022461,9.7571939017467,0.4410341954432714
280,97.12295150756836,-26.135025787353527,-208.69663047790527,9.72209896210551,0.37002657884539164
280,-38.58793044090271,-12.404883670806896,-144.2789535522461,9.74965421855448,0.35027892925972487
280,-89.40143072605133,99.07422466278075,-177.56499099731445,9.680002336598603,0.311324818219599
695,-92.01815223693848,-160.84152126312262,-127.34072265625002,10.044002501379685,0.9675019691597003
695,41.584004402160645,-169.30518293380743,-188.14553222656252,10.012622313934617,0.9024269051753264
695,-46.30025005340576,-70.94245100021368,-109.49106750488284,10.010729782732602,0.5532218484369055
695,-75.20998215675354,-118.55325365066534,-142.00313720703127,10.002214296902439,0.31451235072619044
339,83.50036872893523,193.4282097172191,-524.0791627695312,10.003881350700317,0.4820227675467733
339,-24.14669151634027,186.5117021154811,-546.4959260751953,10.001999190585675,0.46149312131861714
339,60.22225190669249,187.60837268347046,-515.8433687021484,9.99783651095685,0.3886274934023127
234,-84.16564923520852,227.1195420883812,-549.68017578125,9.95075720571916,0.6771540715357226
234,40.510522633831016,191.58999129759445,-636.0860939025879,9.916367083200585,0.40584657315035694
234,49.298703402320854,115.32198974119797,-484.9909210205078,9.992619609259535,0.35385753744393916
234,-50.59255942698289,116.0969572328247,-497.2976379394531,5.504779731909133,0.3179927484106064
688,-106.4831246137619,-106.708381652832,-154.7925624001673,9.946142757600175,0.9497877051969269
688,-34.86234736442566,-87.66038227081296,-50.0945747562364,9.979019635225548,0.8189062853457516
688,-78.21182918548584,-203.31526565551755,-190.1390122694702,9.99251009270673,0.7754496638447956
688,-36.07888889312744,-65.65819311141965,-186.64503042843535,9.977554165693622,0.761048292535268
688,33.64473628997803,-71.68413209915158,-66.87165866238138,9.89012456546896,0.7589930264200546
688,-69.34179139137268,-195.08610534667966,-147.44378024621074,9.932539065542223,0.7353092563010419
688,-69.685866355896,-187.94697749614713,-143.02490066356404,10.005746495153126,0.4293917519044944
688,73.60885190963745,-112.78187680244443,-139.3915709868652,9.958716716642929,0.4244431371158083
067,32.029485297229286,96.6101985126297,-195.15557670593262,9.954409588284584,0.8396861485075218
067,-146.12461973099923,-22.227951283835893,-230.9566249847412,10.03140546488267,0.7184980590374078
067,-150.87478014480436,31.9861372002633,-251.48547554016113,9.990992395788,0.33782107187029126
719,-103.7452725138092,-130.25335228103637,-80.51494546161922,10.006082938734655,0.9989837104329286
719,101.36843288284302,-179.48645746368408,-117.14544986233597,9.980106944225614,0.9396621135712413
719,-85.13476526397704,-67.49036943572997,-104.85325963621,9.857617311233508,0.5102287581808671
719,-52.186026927413934,-189.28839718955993,-145.57728352077066,9.969282690989894,0.496190382282011
719,-102.46246850151061,-127.82781994003295,-80.66710610211959,9.84562706092294,0.41404130053838745
719,-121.31590342182159,-119.3845478262329,-140.53851412300247,9.849506944688658,0.33365119645734886
483,-96.46903557369995,-19.757291078567505,-120.27118301391602,9.959733284159158,0.9666401660753655
552,-87.07054138183594,-16.709747314453125,-138.36115264892584,9.996473926733156,0.37417696957802205
807,60.15980940438749,-6.825133962629508,-135.65067672729492,9.92441876131916,0.9982921610636513
807,-85.27009791730961,-79.28025268603963,-208.6582317352295,9.755294920068899,0.37230481920935876
807,56.70949569120421,-13.78236311112417,-136.06192016601562,5.505778426616991,0.3644812124161424
603,-44.289294056198116,15.867154598236084,-199.24248886108404,9.998443434100425,0.9579303204663396
603,-59.40682487895202,-39.92203116416931,-232.68280220031744,5.504998421861583,0.622354660431206
603,-92.94642703940582,52.22323179244995,-245.39045524597174,9.664228713298368,0.3005511711832302
035,99.7061538696289,24.140357971191406,-138.24417114257812,9.960300232573108,0.9907224628250859
035,-104.96901988983154,-16.97545051574707,-104.77140426635742,9.945590675586937,0.9799245904161005
035,71.57700538635254,10.823202133178711,-85.1028060913086,9.94702313994958,0.9780547455991145
035,-26.73118829727173,38.77878189086914,-167.73248672485352,9.949262047279475,0.9480783705923008
035,-65.21359205245972,50.687527656555176,-90.14087677001953,10.006691406260519,0.9423464911186745
035,83.15961837768555,-30.44973611831665,-108.16526412963867,9.974616477720218,0.9301620926708833
035,42.72330284118652,55.84096908569336,-84.44940567016602,9.854127291629366,0.9276235815333074
035,-102.65366554260254,72.03545570373535,-166.06515884399414,9.961419271211662,0.7459666210356944
035,100.0519323348999,24.468684196472168,-139.77819442749023,9.847989762691968,0.720004554205137
035,60.41393756866455,41.93153381347656,-95.78351974487305,9.941157309315933,0.7102111014679088
035,-137.00365543365479,-21.361541748046875,-151.73541069030762,9.824208886777209,0.7064447441695111
035,-48.274691104888916,38.385963439941406,-123.66016387939453,9.829152840713673,0.6238319476301737
035,116.3671064376831,34.128713607788086,-169.492826461792,9.92328290036002,0.5785150344387355
035,-124.56739664077759,17.305397987365723,-109.15746688842773,9.812898486438945,0.5285380571012224
035,79.18320178985596,77.32172012329102,-152.7882957458496,9.803592115633913,0.4649217881764127
035,-47.49285697937012,-81.99629783630371,-177.54064559936523,9.882304089566503,0.3252744682469745
035,-64.03125047683716,-10.36372184753418,-163.9253044128418,9.752293916995496,0.30281030771282236
260,-94.33237455816078,189.44044527645113,-500.72485372265623,9.990027047004297,0.99608281778825
260,-65.40045996041107,192.72181472415926,-456.54162618359373,9.9750044183545,0.9698722550141251
260,-106.0810677561264,142.80328792567255,-552.7183992548828,9.884910583489232,0.9659088704319913
260,-94.05313809246826,189.06885740394594,-502.6583711787109,9.927089782472407,0.7484525918467586
260,-65.99241419167328,190.27406296367647,-456.65274068554686,10.002974639604806,0.7237757822659227
260,-65.72483657331276,182.69249841804506,-459.39709493359373,9.95384488484026,0.4404137363005449
260,-70.26175476641464,134.00714224810602,-575.6488344355469,9.828304474233903,0.36739877874600574
260,-72.62087301940727,186.48051247234346,-456.15274068554686,9.940044231290425,0.36057050946450475
282,70.73699158601138,-51.607051885686815,-64.04819498876952,9.991895675732117,0.9457279422090271
282,57.913071628784195,33.82700740393193,-46.7207718930664,5.504205322526595,0.9235185253266376
282,-61.58068892641259,16.664038629402057,-147.1477509580078,10.174406858180687,0.31480440159825585
282,-97.84831045393676,45.17580060947512,-70.55469523291015,10.055387817474998,0.31324575784034125
095,-118.41566305567932,-48.023223876953125,-223.18176078796392,10.001631176873811,0.9922501929873168
095,-118.69873147418213,6.79471492767334,-242.48937416076666,9.982989720978484,0.9767122412179506
095,-122.02882509638977,-61.86270713806152,-189.11366271972662,9.869003979100727,0.9435419793955471
095,120.9981288392334,-5.084264278411865,-170.59181976318365,9.978019833371693,0.9039135242231846
095,41.02929491589356,57.532382011413574,-84.8453979492188,9.85787540024461,0.8626485937677231
095,65.9554566819458,52.50391960144043,-77.27967071533209,9.955884231432517,0.8432026189253705
095,-70.5588493864746,84.86156463623047,-120.92522430419928,9.823394650950515,0.7370615123664344
095,-34.701231531402584,40.75055122375488,-72.70809936523443,9.921619741624045,0.7068661171647209
095,-64.65516429354858,72.43204116821289,-106.54236602783209,5.509794393757829,0.6860803042220099
095,-57.09176402499389,-50.02279281616211,-110.4053573608399,9.675413747728662,0.5014296703506245
095,-40.72492461611938,57.5361967086792,-81.01601409912115,10.029525972504029,0.477273814752097
095,61.83503527233887,65.3536319732666,-88.89553833007818,10.148752537061378,0.45068204504989484
095,-130.6432936709137,-54.0712833404541,-205.27432250976568,18.45279768086534,0.43412155081322545
095,-130.34823875834655,-54.59158420562744,-202.40809249877935,9.717878277876222,0.41500222253499597
095,106.01049322674561,-7.518935203552246,-274.018352508545,10.09475597779668,0.3783377383844345
095,86.4254798371582,76.62432193756104,-106.41459274291998,18.45181222146419,0.3605370357476561
095,-121.15639787127685,-53.51828336715698,-225.0810222625733,10.166112107073424,0.3447719056087216
095,113.69815725872803,-10.184276103973389,-282.6797418594361,18.40289066191272,0.3390827707829172
095,-118.39697103907775,7.077598571777344,-244.51603698730474,9.73318619333629,0.33630945090556624
095,-36.45578961779785,38.870859146118164,-71.01355361938482,10.078172214687147,0.33592060482470043
095,-124.68765120913696,-59.60623025894165,-189.27470016479498,18.43915042566884,0.31199208725207483
095,-120.7464132826538,8.2930326461792,-244.64527893066412,9.898309234119031,0.3102504221437357
095,119.25185579846192,-6.112492084503174,-172.4660377502442,10.14025333034022,0.3037427900714446
273,25.085669078227227,34.4456701757299,-225.69958548687748,9.95928577761149,0.7094842384102767
273,-26.45740003014754,-55.222804872370034,-120.68719248913578,9.955258196241271,0.6648812290597507
273,-10.093479852814482,-38.39715097806038,-68.64994387768559,9.917873314733184,0.4290890003068572
273,16.61299305854817,68.64135954903031,-32.2173915400391,10.008191466745549,0.42390657792359754
273,85.26561917580301,-41.58610339661391,-197.76504378460697,9.961516998712804,0.35157424946349836
803,-88.49392919947815,20.057215690612793,-150.2895965576172,10.040769983473513,0.9707185253116998
803,65.3919014413147,-65.47533988952637,-242.97293090820312,10.010224551618004,0.6714649961303311
753,-77.53030306426808,-12.594515141572629,-58.80637761791991,9.963805602961433,0.9925684799030626
753,-56.77164242446452,44.90519965390558,-241.09114286145018,9.962986459425542,0.6568922782185085
753,-103.14274226126508,-46.946336028689984,-173.23184606274413,9.92096819754978,0.4914777156379417
753,-79.18421707368543,-7.339088868582621,-55.28197881420897,10.004945055030621,0.4570698010185031
753,-95.66220722290382,-54.21862418966339,-154.40042134960936,9.960627077414712,0.41992814082532026
816,-55.27258032390594,-171.39038127490994,-164.1946390365327,9.982998311764709,0.8418096486766938
816,-22.664858041496274,-110.96757393905636,-87.72176355993071,9.989668851824213,0.7899094963324202
816,-42.378331957550046,-201.002790151329,-174.62489388717842,9.99279304394461,0.6427425125503083
816,-105.27159446308136,-163.07620447704312,-194.80411393366632,9.975367030148549,0.6343031186578066
816,-53.85368579456329,-84.93483644554135,-100.43909720741141,9.891223062693758,0.6084261714972345
816,-127.43906283208847,-134.65752941200253,-243.18071940261217,9.932514570518906,0.5692441646353583
816,37.49623960426331,-117.22410541603085,-108.53632294505661,10.005787198782814,0.47718077367081396
816,-93.35823052951812,-142.54438620635983,-119.77882447828671,9.963909441298712,0.38565853294780694
816,80.68443840911866,-137.7513537985992,-135.56873189691106,9.848760211863286,0.3686661900605429
816,-65.79085165092468,-88.88526660034177,-104.33421734348377,9.952624458347168,0.36036917205899627
816,65.04072851112366,-63.29529148170468,-176.19462040809486,9.834918655759715,0.35441130667571585
816,-81.06377237865448,-89.8957083804321,-204.34391318045965,9.924112162724859,0.30250455472919763
042,-72.40229210722126,25.03609596635218,-51.80451255807117,9.949500148553884,0.9690995514546221
042,-33.879471875039854,-9.608246873984143,-38.97383430197175,9.953737313551397,0.9358140611545528
237,-73.56092699588717,-15.640475469103535,-37.758636643554695,9.979917780306458,0.8761950665452759
237,-88.48425069975511,108.58730424235489,-49.953861405517586,9.966487725771547,0.8474091135815514
237,-113.10269147204909,23.691834263393844,-44.65257661547852,9.9645048576685,0.8470208720279868
237,39.18348195494818,105.56307402639447,-71.45839708056641,9.845453594706244,0.8118192823638003
237,-92.31221827698701,71.66356700387348,-57.73885743823243,9.950644366924895,0.7532521490891163
237,89.24838407367551,-22.019163277350003,-33.42863099780274,9.818658863287421,0.6927604308198405
237,-65.03454530764375,57.72023027722696,19.403095076416008,9.91603661142521,0.6529626832174639
237,-56.878050705788525,-63.8634809459478,-76.7505456706543,5.507754610517875,0.6391576774489277
237,-105.04852277261253,-21.70945478525448,-65.77548997607423,9.673660523548724,0.5608982119088086
237,74.13501497070737,-43.836381173722316,-29.045639207031257,10.013807701106936,0.551708172002616
237,-100.88094486261198,38.3837201523196,-67.9964067241211,10.142520938148467,0.5490802427062483
237,-12.752620812177526,21.61260759364029,-168.4120799800415,18.463088206113994,0.5474847402463587
237,79.38053346477008,46.591922342434714,18.527908156249993,9.703295675983103,0.529241885979668
237,-80.52892729200485,58.88669591416635,33.82265074047851,10.076662003105046,0.5033555655596658
237,114.76315557222605,26.387417817073015,-36.594791581298836,18.464108659784173,0.5022932082760999
237,105.99590751507694,-12.456329682318596,-36.932335068847664,10.154927436424938,0.4477008029797591
237,-86.45808434470328,102.12139344376135,-23.92660157885743,18.41038564479947,0.44113188298336675
237,101.38788288889245,10.323056693537524,7.229404280517571,9.720345045654907,0.43682585388369816
237,-82.45380128843627,-41.84923109705471,-97.82575624194337,10.064231072746473,0.43586746328818005
237,-76.71282013649707,19.954094046471596,-102.05210702624512,18.44862606130064,0.42613296010286594
237,-68.71895669113238,-22.2312626772042,-52.76054399218751,9.887004148268833,0.4120235150730589
237,78.17398254091003,38.037645104420676,-80.2368737956543,10.124893339233214,0.40689908809405845
237,93.48866976332701,-21.527470014502455,-60.70810334887696,18.41948776051192,0.4012813283381862
237,-109.24142250567039,96.04411537887734,-85.63967721667481,9.693177207359039,0.3941258086381624
237,-92.6847905506942,70.00667470187852,-77.25359933581544,10.013453278838382,0.39254681195586216
237,-108.89527652829511,46.361016498565164,-17.469940354492195,18.48163134348691,0.3868949882696942
237,-122.00239019350138,78.98537366081234,-104.49106233325196,10.07829430889577,0.37266187504195364
237,42.055396186835964,67.7214890983663,23.96564466748046,9.641295905577238,0.3718395321083524
237,99.27023270852132,11.617813487631224,-149.935865571167,9.941324925241066,0.3589211410537431
237,-109.38335238784876,15.105284113640096,-33.54291932788087,5.408119629664116,0.35710667835594007
237,-93.78386811870897,58.34864517213225,-0.7602693339843825,9.298482353096398,0.3513162263498561
237,-90.57481595294249,67.74007262117027,-76.93641679492188,5.5159160990391864,0.3435273599423794
237,-74.88048884113906,-32.40859885699376,-48.98637788500977,9.920513969669141,0.33211950367807175
237,-81.82943950646532,58.655344227874025,-84.46803109851075,9.92732605875404,0.3092200919807805
237,-22.493497525632307,75.29633159579623,-24.827518632080086,9.849461152838819,0.3017090282724173
214,104.60294723510742,26.006174087524414,-140.3277320861817,9.986755722782712,0.9961437023828407
214,-116.90608024597168,39.222121238708496,-104.01007843017584,9.966617823343014,0.9220448638545631
214,100.06522178649902,12.770509719848633,-91.13440704345709,9.847387716962738,0.8368431815498232
214,-121.37765645980835,-5.264556407928467,-119.41584777832037,9.960285520447577,0.8197792392786519
214,-119.24617052078247,75.6683349609375,-175.52035522460943,9.836651544210273,0.8068250451004921
214,110.3566312789917,28.541231155395508,-115.82265090942388,9.937606726785404,0.6904283386628184
214,96.35790824890137,46.18103504180908,-90.5147094726563,9.821470857394718,0.681059805045335
214,68.44977378845215,52.217674255371094,-156.8920059204102,9.81614200553151,0.6274095186488039
214,-128.69196891784668,-35.45663356781006,-196.91579055786138,9.909858141832608,0.4942435813824608
214,-120.18847823143005,28.6698579788208,-104.73149490356451,9.7878156380811,0.4518303890899811
214,-128.71788501739502,-12.939167022705078,-183.3113403320313,9.865744940877141,0.4355285138095573
214,-101.39634370803833,36.429572105407715,-72.19201278686529,9.622481619451552,0.34856360278280524
214,100.71951389312744,20.585083961486816,-139.79369354248053,9.689227047861063,0.309270526914835
214,-108.98524284362793,72.29864597320557,-196.333724975586,5.507473931637615,0.3050420435142864
199,73.48662977529995,76.82817713861004,-191.19812393188477,9.986633956259407,0.9992037341808818
199,-46.65946647146819,-30.060334494184644,-169.2686882019043,9.998689826731422,0.9972784789851082
199,24.713512450846167,-47.62829980323295,-172.41655731201172,9.988817273416828,0.991378471373812
199,73.44502337324622,76.77618165301101,-190.4610481262207,9.967931703492264,0.9661270149140591
199,73.82949456623129,79.65923995561025,-214.39728164672852,9.883551644404386,0.9351056619007566
199,24.47659127814069,-47.341335791956226,-173.4658088684082,9.930547488069582,0.7459840677960374
199,73.66547221589673,69.86711565421137,-192.6084747314453,10.01136475135132,0.5343113979730442
199,86.79411954119524,-6.243235296889907,-169.66417694091797,9.975492152484971,0.5252061588418103
199,70.30997346831674,79.45598942716606,-186.7423858642578,9.863364659664585,0.4960002090760159
199,49.297663971923896,-67.24663211024017,-276.5420093536377,9.963559661675948,0.45720813671211163
199,72.23383146941734,82.73673684109235,-194.45085906982422,9.856423829243624,0.412683336953316
199,67.21064699042137,73.54427544871578,-189.85447311401367,9.942738181317681,0.39716371423424285
199,-71.20746898859551,28.519113890492008,-125.85636520385742,9.827048187884746,0.3837536659359956
199,-105.47891520300954,8.03787431778619,-153.12464141845703,9.834124798878406,0.34579893200065015
199,-138.02021601505447,65.03238664733362,-169.9000587463379,9.925885578257034,0.32222495802505935
199,37.776470727414846,-15.942533762659878,-182.36671829223633,9.805871122422849,0.31643584769690025
199,-110.81728945640833,1.4675174764997791,-202.10726165771484,9.886842604609235,0.312128490577439
199,-49.5169400912161,-34.742281388105766,-172.46330642700195,5.482095109877216,0.3053507048838448
577,-86.21280579974365,48.609859414794926,-206.5540542602539,9.972508410506297,0.3989841386286633
698,109.15419541220092,62.177574634552,-189.201322555542,9.998857071749853,0.7533166643718426
698,-52.418889180618294,-47.36759662628174,-133.02549934387207,9.945165644631878,0.5889455738731563
698,-37.370334044891365,-33.51803183555603,-62.69898986816406,9.804420251161858,0.5677353491936905
698,-50.76037205834962,-46.92965626716614,-135.0264892578125,9.920544255808421,0.37235603321310023
698,49.33782301763915,16.83208465576172,-44.12631607055664,9.79278501799027,0.3124107070301243
698,70.72073660711669,97.21246004104614,-139.0507469177246,9.877621057551334,0.30467184847298845
330,-51.08610553334046,20.914819665649418,-85.17586898803714,9.98903377078104,0.9695309414492254
330,-79.04317779133606,28.9881829697876,-164.0306205749512,9.935729077876095,0.8632896637213081
330,-61.48193997929383,-49.03602199961853,-177.72495937347415,9.797678684565508,0.8256430596175068
330,103.05138068606567,-10.705484918853756,-185.25938224792483,9.90187746234563,0.7900364673162114
330,-69.4647626359253,-33.35621433665466,-151.40975189208987,9.774686846332681,0.546471320152438
330,-77.85556001255799,27.061713166931156,-167.01731872558597,9.862738471683473,0.449326856667944
330,-42.77693314144898,45.071158834198,-80.60357284545901,9.718724552649213,0.3273061039178526
330,42.55548673083496,67.1581630189209,-84.15301513671878,9.787439571548726,0.31338323640750165
813,-67.51450830698013,206.15261048078537,-687.1529085322265,9.96978513147037,0.9893829805448258
813,-126.07610537111759,206.41169148683548,-713.6193697138672,9.980246774655345,0.9352702847266815
813,-86.64283764362335,220.77296668291092,-589.3125917597656,9.984486786371491,0.8261304498927028
813,60.33974552154541,195.34900122880936,-540.9095918818359,9.970096316697518,0.7950021417206109
813,-121.33171728253365,217.9767830967903,-683.0715944453125,9.917670274808025,0.6704610080411525
813,-92.93033075332642,213.26101171970367,-613.1238252802734,9.999468601458645,0.5739780904466568
813,110.3829128742218,169.02938574552536,-722.9606554194336,9.95877639074139,0.5701288154420581
813,-45.36375918984413,162.01520496606827,-562.9422914667969,9.834983651657076,0.4061540761734499
813,121.6188895702362,157.91219997406006,-685.9989320917969,9.946167286232578,0.3813677097069187
813,-72.66076797246933,206.02416110038757,-683.043396203125,9.809052353820888,0.344212527705705
813,116.94941008090973,141.6914396584034,-662.9331972285156,9.892890579059827,0.30602772553243435
813,-29.780578196048737,137.18641659617424,-581.7179109736328,9.723874603540285,0.3048673036579535
716,117.79629887878343,45.72180903566189,-177.59625244140625,10.048702218374538,0.9242286524752955
716,-69.84420596166512,92.03036036987035,-89.18507385253906,9.966903364506184,0.5236910740023676
716,-99.92341914315386,-42.22837961755428,-103.86944580078125,10.021047694938703,0.4505454034728904
716,95.9737159676655,-8.318085484504962,-71.5335922241211,18.64529108373976,0.4348612559809177
716,-132.8673470104519,-51.673571113380575,-152.2949676513672,10.032193739099677,0.41223879122734125
716,-89.8066672733845,92.27879715325255,-83.82826614379883,9.94975250728421,0.3298783816965216
716,82.98558412655927,51.55316407873764,-175.16583251953125,10.021329624970907,0.31780331840205467
716,-68.19717322765848,-16.137147583096493,-31.51043701171875,9.938469489266094,0.30690646075423567
143,-73.83985510901795,61.09372591962162,-13.898612858886736,9.99058228422031,0.7332009040757265
143,-110.59571747615001,41.18033623076914,-50.7617872973633,9.996194781334745,0.5225905117013196
143,56.92497766581408,62.21767440187975,-157.8241080065918,9.987550348118715,0.4640483212548267
143,114.2193767944006,-29.96876817737214,-201.39053523742677,9.968660325332783,0.4029512454244355
143,-29.78950913251566,-0.5302084454306453,-201.7391985675049,9.888166449100437,0.37799287444052615
143,-62.71524563977829,-20.88250973394318,-43.324882390136736,9.929619902525598,0.32597188187243514
143,84.25114613141676,41.316642418751115,-122.62376010620119,10.003531639886623,0.32549541716423863
143,-119.80770854919348,70.97908597640341,-245.89045226776125,9.963126588156914,0.3251908923687633
676,-76.24078244755555,-74.45065580229186,-143.40900443212888,9.957506450250422,0.6334131498380545
676,65.81101327349853,-0.7165475926818772,-158.34470770971677,9.973670248267236,0.3667491894547227
676,61.386934808990475,11.225805655914314,-214.5155908884277,9.983950967969358,0.30746751775873743
676,-74.57925052235413,-73.88008557180785,-145.4662325205078,9.976560977475566,0.3067504413514676
444,74.28873358587643,56.64184093475342,-111.74007764819339,9.946183793072876,0.7540016130582032
444,103.08731375555416,-139.8447871208191,-219.18426385882572,5.509235017899286,0.5045040775535202
147,39.09445859314292,1.8604607370832298,-70.15752029418951,9.951488835462758,0.9612193389017226
147,-114.56335397061048,52.1390438860287,-87.81571578979498,9.835180876899285,0.5170590140822108
147,38.671335002582055,2.949662269547588,-72.1532936096192,9.942967662721493,0.36009350763434766
119,-71.91802495793002,46.880977311579045,-185.40482924597165,9.95772759217688,0.7629250050782949
119,-141.38095204077,0.6347745760867838,-199.10690711157224,9.91738379810416,0.5023033442008138
119,-122.8033556304432,-37.88006326330469,-123.88470099584958,10.009729749669097,0.38779736199485
119,-113.89976387259378,65.12127652527852,-168.07472632543943,9.950045441953728,0.34015338475732637
119,-102.37509221455878,64.43633113177566,-208.6482279123535,9.81629807890484,0.3335838211961247
668,139.23166215759278,-198.2591131891632,-345.6117971682072,9.99313780038679,0.8752348492046295
668,-103.71254145759582,-216.4167240824127,-277.7996911154935,10.004470676855728,0.8747255536333542
668,27.852954271850592,-170.02899205345153,-141.79444569496468,9.997378558851493,0.7711957742858498
668,63.94336402755738,-74.14507305282592,-135.9723785884546,9.977512275996533,0.7378357401852442
668,86.17898404937745,-125.57842647689819,-239.9873599638579,9.891626092375134,0.7158166128499139
668,-75.31942784446716,-81.84350645202636,-282.4352348159357,9.941785383621099,0.585025105333326
668,117.17431247573853,-219.09590220111846,-362.4101258858011,10.02248677100136,0.4178402462667948
668,-39.60049330848693,-146.3264504637146,-142.76893297383708,9.978860231192003,0.3763079881865441
668,13.46665799957276,-170.73919808525085,-353.94980201324347,9.862583625577791,0.31117971967514124
402,-59.05371989389039,-45.204782911041264,-85.11621095117187,10.001896911446364,0.9789061213922376
402,-63.0384632505951,-17.218281455734257,-36.6834793227539,9.976051301651042,0.836729868666098
402,-62.29647840638734,-17.65168351719666,-37.19167329248046,9.859105308498794,0.37109099258716743
402,-59.52628220697022,-48.09832853863526,-86.81266404565429,9.964323543389504,0.3194951093901978
027,78.36125463417054,-192.7944464070511,-132.21773185529497,9.95235604725776,0.9320627657885647
027,-127.10637450048446,-122.62718230316165,-230.5242899345622,9.980914016972681,0.5627884643704173
027,-117.54654490777969,-198.625058470459,-150.20949180280337,9.992264075704282,0.4842241977948269
027,-65.723359046669,-103.2765033824158,-82.67974441767188,9.978490652624735,0.3427795321186028
027,-99.12295132705688,-118.0320067984772,-215.14998904892406,9.893037940433697,0.30981319411610325
870,122.126773149121,-66.99931753611995,-158.36456131530764,9.993229752337903,0.9899454200465547
870,-28.12230282385616,70.29426707967983,-151.7627985437012,9.952894118769006,0.8895877335294321
870,122.4528942679429,-67.21441299276589,-160.24257492614748,9.824217231131605,0.6852889929246875
870,-46.59027463450519,-22.80107252020784,-121.62490677429201,9.94355834565814,0.3822011770651446
258,-102.77388085504151,-65.46934127807617,-118.02571487426763,10.00434623457701,0.9318259602623167
258,59.53222285131835,-26.50731086730957,-42.102767944335994,9.954111018460681,0.5799104556782084
258,-44.812135592895515,59.298973083496094,-100.26431274414068,9.825945653399904,0.5737158430255422
258,59.40515528540038,-28.333768844604492,-44.192192077636776,9.944031261785648,0.46150205831614244
258,-95.97363461633302,-20.336427688598633,-101.01100158691412,9.819360862682409,0.4271095521260169
258,-103.51360787530518,21.58041000366211,-73.96456909179693,9.811909626180832,0.3845604221752971
258,-57.20510472436524,-84.46419715881348,-144.08801269531256,9.908342718532426,0.35590042943393785
258,-80.58072079797364,-46.13589286804199,-45.473320007324276,9.893299684116695,0.3358015843097714
258,-87.25170125146485,10.083656311035156,-49.193431854248104,9.800514188195597,0.32217939098528436
383,107.19735728124999,33.440730571746826,-200.52994572509766,9.966571319949287,0.9644455637018365
383,-113.02098287721253,35.97252130508423,-166.44992100585938,9.983073397782373,0.8298224157388928
383,-119.27260054727174,-47.59259104728699,-154.08697544921876,9.987155185440495,0.7507809607854347
383,-107.63415767331696,-70.56919813156128,-138.18277012695313,9.972010123448719,0.747719594901373
383,80.55594073156738,12.754547595977783,-186.09150730957032,9.886511938199302,0.6795217908232689
383,-62.681831256347664,-62.54785895347595,-71.47569310058594,9.940201311884117,0.42149414068633545
383,-81.21619595666505,12.456457614898682,-31.186462753906255,10.012687477115232,0.41088173836028435
383,110.9424720845642,-59.29245114326477,-156.24597203125,9.962767668803894,0.4006382811360854
383,-99.27136792321778,-59.43106770515442,-135.38880955566407,9.84220224185638,0.33958326906898345
278,-46.79552040914916,-11.022945642471313,-95.30047225952148,10.002850066880718,0.9975548599160159
278,-48.26956592420959,-8.115785121917725,-93.45618057250977,9.922770383105803,0.9132893808837675
278,-48.916321619552605,-18.698043823242188,-99.26262664794922,9.794888335103476,0.5303840184394354
278,63.55813302178956,44.97079610824585,-63.92121124267578,9.869119862760948,0.46740566533951206
278,-51.78506217817687,-14.329830408096313,-93.12798309326172,9.663667673520509,0.3904661846021781
110,-67.161570250988,-92.1768108606338,-132.2499237060547,10.034603118630432,0.9825754026784802
110,-99.53331103920937,-114.48437666893,-192.36337280273438,10.007579813671812,0.8388640610840374
110,-109.58206927776337,-142.45708382129664,-167.15911865234375,10.014285730337884,0.8026586571514622
110,56.411653995513916,-103.37082540988916,-200.72970581054688,10.005814968295525,0.7382747423035398
110,63.19093132019043,-116.03554284572596,-265.4741439819336,9.982949928255602,0.5758427516808354
110,44.66455602645874,-174.3832567930221,-72.6201171875,9.897221269010199,0.4961388785353395
110,-19.52483034133911,-134.31408202648157,-269.1001281738281,9.94742219915923,0.4122790083216526
110,-99.09906587004662,-114.39392066001886,-192.86495971679688,10.016701816950754,0.3464432586235322
110,-56.85267275571823,-204.1066089868545,-220.85269165039062,9.97817747691486,0.3185425327885542
069,-54.95083784378048,-71.99319767272948,-264.43269500506443,9.989919233555888,0.9643538027694601
069,-61.0597927502441,-72.65986179626464,-230.53119869519645,10.005056757814458,0.9379913815009635
069,88.99364829742436,-109.06393265045165,-237.04595383327427,9.996321654484273,0.9182708548061401
069,80.19591689788822,-235.42965864456175,-149.85968212468828,9.98068732209941,0.9161651865192564
069,85.26829601013188,-197.37245582855223,-311.14849773733107,9.89588017594487,0.91006343511245
069,-99.44171594894405,-155.89973091400145,-162.8102373240635,9.941358941323374,0.8162710397543619
069,82.78763175689701,-199.66449426925658,-287.11975058794445,10.015867634817962,0.8053050859543032
069,-90.13046812332149,-88.66937374389647,-281.3478375392669,9.978824358200566,0.8019727884628496
069,-53.041348212127645,-91.21540664947509,-354.7906814423513,9.865750655933585,0.798991332267676
069,82.33133292877201,-93.30996727264403,-208.83378390356842,9.96658531735515,0.740352495390894
069,90.1413848468018,-275.025808565979,-275.322353938267,9.849266081209876,0.7165450085543746
069,66.36920524322514,-239.96286653793334,-165.02057359013264,9.858361740857543,0.7036539857005779
069,104.84496570312504,-105.38400196350096,-301.49712613655623,9.94571459079444,0.6431497270626078
069,74.84371829711918,-76.2111179760742,-262.1375824342867,9.833546129922876,0.6428314165757562
069,-89.25163125312801,-179.73816036499022,-305.98366933407664,9.83614524180674,0.6404729322261468
069,74.82925868713383,-232.64530252731322,-337.3054430926622,9.927053226533307,0.6282844733008938
069,88.32744479858403,-111.52767395294188,-202.01000167114393,9.81721676068644,0.6257178861338644
069,-83.02488159454342,-100.48017143524169,-196.86377983495544,9.80952280124289,0.4980458106001617
069,102.64784599029545,-160.83991073883055,-220.99542920426933,9.88108260633812,0.4704647982058128
069,-85.16588520324703,-196.69911264694213,-136.95885836977862,9.677450937239811,0.45854966137949704
069,-87.50592874801632,-99.13660930908202,-229.50715391283114,9.815763808498819,0.4493155210602992
069,-81.22690319335933,-205.24491237915038,-170.44884193030697,5.509109538650717,0.4399631733248494
069,-81.47069381988521,-201.45465206420897,-213.59247217702062,18.740181031524056,0.424441053974485
069,-103.22552251136776,-165.4560310772705,-174.40535431409984,18.597336045834354,0.42361677156414407
069,-94.86031770027157,-101.1440718106079,-250.49534020091227,18.877063255816708,0.41060751214356633
069,92.30385757171635,-275.84029316223143,-277.24398934255345,10.160909940124462,0.39957286717718227
069,-87.27392410552974,-87.3023798397827,-230.71724300355157,18.610791299600212,0.3987615330252393
069,90.95012164794926,-247.0001304081726,-290.65296891156316,18.518543641590576,0.3848759133545061
069,82.1127564974976,-119.65938209808348,-170.40032813718784,9.897062028664616,0.34699068206441347
069,40.74769759857182,-240.16246723449706,-177.56744532470287,18.792083193264062,0.3466721779745803
069,-73.25507187164303,-232.80468868530272,-162.58379689823226,10.178518189767418,0.33616370835591997
069,66.2254502841187,-201.23343204772948,-142.71112877963054,18.552976370490548,0.3343151768209003
069,42.75752330505375,-284.56111025131224,-182.730735642046,18.472475121870563,0.32319593416003545
157,-30.88563245904365,47.52759481036264,-60.757503509521484,9.952651950547114,0.9980698236479514
157,-30.618182649115937,46.81459648293094,-58.91765594482422,9.95627036790755,0.9226462988670369
157,-86.00005224711126,78.32622129885567,-116.57583236694336,9.84233861849384,0.8045464706402944
157,-40.944979609889145,60.89083168414072,-56.99066162109375,9.945089417369653,0.7664491205649786
157,-36.8725362962617,49.59363369557832,-61.47197723388672,9.812222591208878,0.6399789069452057
157,-33.89032171766698,49.73773539835747,-54.8406982421875,9.913819972096107,0.47090928473401755
157,-29.921467568229076,39.38573684461335,-61.115169525146484,9.854295807960225,0.45782610036351096
157,-39.60323785941941,54.76627462269971,-54.51042175292969,9.731200366669741,0.42585063056911765
157,-106.51859692277716,54.24972578584129,-209.03497695922852,9.779862253137392,0.4256784443544682
157,-85.14263370452804,81.10051994147216,-114.50963973999023,9.719069864641522,0.4028278694999529
157,114.34531402678809,67.0104713615874,-129.9142837524414,9.762637535479735,0.36914165954993944
157,-38.81410948705738,116.69609921992014,-110.20427703857422,9.715797958266984,0.33307371243067424
157,-33.53602420087586,46.23722854676089,-67.39782333374023,9.745224403800716,0.3236536724582894
157,-82.50908400287639,86.09778907395958,-109.74584579467773,9.64541207508982,0.3135412727283193
010,105.27977771759035,20.184061527252197,-92.97417831420898,9.97619798780256,0.9925729877568973
010,-71.23850398063658,66.30670309066772,-153.3214874267578,9.986418180549082,0.9497032716101492
010,87.49621219635011,-60.57233929634094,-190.58129501342773,9.980523541324766,0.9452353569009644
010,73.26124019622804,-45.17110824584961,-200.2937240600586,9.963927833510228,0.938727534057338
010,-60.98838262557982,54.60954666137695,-89.87967681884766,9.880172026557277,0.8879142556947645
010,67.07475252151491,70.95550537109375,-124.44792938232422,9.929763483030495,0.8284438435556508
010,-88.77276473045347,56.30558490753174,-240.58098983764648,10.001850820970253,0.78646622356926
010,111.05787343978884,99.64404344558716,-271.42285537719727,9.96393761424602,0.7595381142360587
010,5.388055515289324,22.571680545806885,-204.03163146972656,9.854323358938226,0.6422965413980576
010,129.58219356536867,44.72985506057739,-157.55635452270508,9.955411289362535,0.6379548958728952
010,-9.260278272628767,11.146619319915771,-85.70548248291016,9.83874273157664,0.5905952135333096
010,-61.989181566238386,52.37597942352295,-91.5025634765625,9.847414496595038,0.5675832119322406
010,-73.21984224319456,56.716179847717285,-166.1810417175293,9.937628476335288,0.5307341308994893
010,129.2430121421814,22.276427745819092,-185.60275268554688,9.822825487157127,0.5279125319635957
010,105.28911418914797,21.956653594970703,-90.01443099975586,9.825870394836082,0.4990555041808635
010,-58.311096954345686,46.804964542388916,-213.3119125366211,9.919462604582316,0.47386170996997623
010,115.2912551879883,-15.85546612739563,-121.52997207641602,9.800044610906923,0.4695900352917125
010,117.1712953567505,-17.366886138916016,-123.87408447265625,9.873040230497384,0.4639596718403528
010,114.51582975387575,-13.49689245223999,-117.96450805664062,5.509000521381707,0.38193058382062983
010,53.01651782989504,71.57630205154419,-201.99984741210938,18.755667256919807,0.33989768881056304
010,73.08245725631716,-44.989256858825684,-201.82791900634766,18.89560269485057,0.3184702871446189
762,-31.307846597930904,27.274703979492188,-169.0248985290528,9.79425171741139,0.9920826324653116
762,66.73801512310791,109.31541919708252,-168.4475822448731,9.911223227098983,0.9713142005898514
762,-125.35221605708313,46.36945724487305,-203.37273788452154,9.778500853196054,0.9587861045253774
762,103.49350542614746,62.8828763961792,-151.31177139282232,9.86031854667948,0.844124995606979
762,-30.691832594177242,27.24626064300537,-169.6940536499024,9.643761861347675,0.8092402011483713
762,66.55097574780274,109.30757522583008,-170.1944656372071,9.81236756297548,0.4054241314461051
762,-125.55629043986511,46.7052698135376,-205.07479858398443,5.506888286230969,0.37426770336838827
458,116.94437498638916,-66.49713410516358,-250.2716756906887,10.004335165662223,0.9684684546059653
458,-56.51494031359863,70.79094038824462,-160.91556696381696,9.975388026213626,0.8196672663737751
458,57.223896928527836,85.20180569509887,-269.4749743353935,9.857039756891584,0.5042063133859899
458,89.76297611782837,57.730363472503655,-176.49724005363834,9.964394145875499,0.45667881376204317
458,-67.56159668376159,34.81717453817748,-143.0330689744008,9.839851009090681,0.34124133036071896
471,106.19481679404271,10.793796150537673,-174.44788395751954,9.977523240895815,0.6594742174922449
471,-54.290537880631746,-51.26580351233133,-90.55521427978516,9.946734814903138,0.4030267866069704
553,135.55893807818603,-21.409094914001457,-238.98925399780273,10.005881093593096,0.9418808849494743
553,-27.122478194931034,-34.3184703431549,-97.68878555297852,10.01050196315438,0.5654610192161248
553,-31.076290317276005,45.86768092294312,-277.34782791137695,10.00355142818372,0.43135159945129553
553,86.75380616595459,29.817857161956795,-296.2623462677002,9.981546759755595,0.411873287146444
084,58.39683640003204,-165.83752822875977,-151.99377819978474,9.969975366126379,0.9503242243299475
610,-88.78170141340638,230.6033651333374,-614.768940127427,10.008403760782482,0.9840775831979847
610,-31.821955171836862,103.8000934820694,-538.7378746671116,9.9702360068692,0.595057162809509
610,-88.49919637800599,229.90579576306763,-616.1488609224002,9.853181278554203,0.47029058689782866
610,-48.291072932495126,130.5241882305664,-504.1403446117715,9.961145668995538,0.35581408034283263
212,77.35452603681972,89.2222188103008,-192.26244735717773,9.986745677825429,0.9737067715812484
212,103.75148513487568,-10.186451944140316,-205.84613609313965,9.990698441709476,0.935851717467929
212,89.00120123840372,-30.915745376365265,-147.39674377441406,9.98702348042371,0.8905990023981022
212,-31.0294935922351,-59.126260999426194,-206.5988712310791,9.974215101385846,0.5444871812679868
212,77.24703018299681,91.34554504554788,-188.13998985290527,9.882385670727876,0.5098927245350734
212,67.84664686992676,89.8165037265683,-176.26147079467773,9.921569807555201,0.5013295355851386
212,-110.14236504557573,0.7839461391452289,-158.05681991577148,10.00901240672346,0.4007959149682411
377,-86.61819587863542,181.66408824076538,-508.6349792480469,9.967195875853502,0.9981366708978273
377,-59.36829982913591,86.05777894606476,-590.4478302001953,9.985086687155247,0.7369892455074742
377,34.48252244078063,218.30876254191284,-551.1143798828125,9.99285867369506,0.6069423148497051
377,82.4529852398529,121.45939903607254,-631.2119522094727,9.979194581109187,0.5910664470691257
377,-79.06204401172258,84.86929481377487,-630.3534774780273,9.926797005906982,0.42562900545808835
384,-54.29217304368592,26.72459883282471,-41.8252948400214,9.979284806204996,0.8024182912474496
384,-90.42379225869752,-73.92768698146057,-166.8924072922519,9.95905083683935,0.576235544280042
384,65.66304837088012,63.09417290280152,-61.13338689134531,9.946589432734092,0.5284590280221108
384,122.6196280560913,-13.094006351730343,-181.83005749001046,9.814698883211706,0.41456758441989233
384,148.7284222684326,-35.992968849441525,-207.3146885977822,9.925626004478334,0.3273973895502234
384,142.41289292196655,-36.85298161914062,-201.99950349768602,9.786015305895523,0.3252389293792605
105,53.08887089822386,67.17003446404127,-254.1810359954834,9.938610587527293,0.9916737157079711
105,46.55706631876822,103.64442951788081,-64.92840194702148,9.959746233078901,0.749348817026065
105,52.955014441075065,101.37267490466186,-235.9639015197754,9.970126847059799,0.7397224729463228
105,-66.57783798625312,-52.520844685888704,-156.13848114013672,9.969684017397055,0.7083801513229484
105,-57.779873878331244,-48.398256063621346,-152.05347442626953,9.887691419708219,0.5979537961629303
105,-111.45966148397198,23.919929189825808,-115.52227401733398,9.934798436137935,0.471868404383063
105,-18.730438073558588,105.61577689605477,-124.33008575439453,10.011562791034361,0.4404658602265998
105,-38.31925536972264,84.79072124283996,-265.02858543395996,9.965348590610075,0.3914595028609985
105,-97.71841496309204,60.23876336378456,-140.10162734985352,9.851562972249775,0.3254715484067367
346,-118.25091542074586,125.2260781203762,-568.0241703359375,9.977918022466008,0.9532728959781939
346,-136.70329057941342,179.4976631378189,-620.5147175161133,10.007366716944448,0.8598644509848722
346,-117.58125330278779,225.95402538528595,-662.6283420888672,9.96447608918824,0.7452124646584418
346,-66.53642500708008,238.12794786443862,-583.6540226308593,9.834899384228965,0.7448545837435504
346,101.70229499271011,179.1066988085762,-654.3685116140136,9.944539838879681,0.5923139629590533
346,39.45599465301132,225.95061450948867,-606.3717350332031,9.816350445222437,0.4091844220713338
346,30.74648897578811,139.4771070157543,-495.9751285878906,9.898565881010702,0.32608881396628747
346,-120.37110607097054,125.71187454214248,-569.4593052236328,9.784794479055778,0.3205616530121937
346,-98.20725463101769,230.50023555507812,-531.449341234375,9.848199190493181,0.3115856748728453
660,70.68813981195066,-107.05627059936523,-233.83182907104498,9.975617462201173,0.455893664260174
660,52.285503760772684,-22.78398847579956,-109.64395904541021,9.958945082837596,0.35944116177977664
660,-70.6887692056122,1.5317168235778809,-111.50074386596685,9.838576002255087,0.33279138975402117
732,142.73141034072614,54.95329437357722,-259.07604598999023,10.037425468275703,0.4755097088383014
104,-50.399449586868286,102.36249446868896,-149.71583959301756,9.974795619695634,0.8589702821202597
104,-54.42701172828674,101.71003103256226,-171.29758474072264,9.97858782273019,0.8288411465891702
104,49.49881362915039,75.81416130065918,-205.5737459345703,9.966931323140532,0.6913940964226637
104,58.90941905975342,89.16718482971191,-135.02797719677733,9.951825234153418,0.6135841472992606
104,-72.30154228210449,-46.75357460975647,-139.34722539624022,10.00690303474159,0.5992052890820252
104,-96.02626037597656,71.75196647644043,-223.90678998669432,9.97973936424313,0.5619152311028753
104,56.7215518951416,-62.42161273956299,-81.83868047436522,9.858332030167498,0.47688148029018534
104,-62.96663951873779,81.3589096069336,-157.70932790478514,9.9675043067693,0.4290019263286065
104,-10.762204647064209,71.13274097442627,-102.60646459301756,9.853266271572602,0.42380352259881654
104,101.28677654266357,1.5686631202697754,-70.08420583447264,9.951999073022481,0.41978167330422095
104,-32.45825004577637,-13.087677955627441,-86.80654164990233,9.831950460756499,0.40434910826467657
104,51.59402656555176,85.07312536239624,-143.14477559765623,9.83060167723789,0.3867327992676767
104,-91.67503607273102,2.910153865814209,-95.58999654492186,9.928366125858858,0.34528208979803654
863,-47.44062501004032,164.0628485739319,-477.6571956308594,9.969557370913488,0.7690975917818509
190,98.07578277587893,-130.59889483451843,-156.46473388671876,9.958988193086167,0.9979391922445712
190,38.07434749603274,-131.9253580570221,-198.6293914794922,9.920974757683314,0.9383928971446365
190,-112.68609422445294,-107.9668836593628,-186.647900390625,10.01709098391887,0.8100750073832628
190,56.173738956451444,-81.08544397354126,-110.67519836425782,9.972815984146365,0.5678976406876615
190,38.23327016830447,-131.5242211818695,-199.5290496826172,9.846770356577249,0.3932774864770264
360,-64.98541188437227,8.217892442873534,-75.90597914282233,9.985555012730977,0.9753677875821853
360,54.920856382217636,-66.35464949811288,-39.637325273193426,9.96115874963029,0.7258177674458245
360,119.36620623362253,-66.43800068691783,-146.14855574194343,9.847801323667522,0.6624852095773034
360,51.53790795593525,12.86766569009339,-45.39276884619147,9.956554944979594,0.5897484361779098
360,-68.16112615251038,5.967704792274134,-75.9227065903321,9.837987029448483,0.5220840385464026
360,-63.50869155619145,8.009650369538548,-77.05994413916022,9.933558659720275,0.4887572424110323
360,79.09111565108472,-6.9959418422077135,-43.7217788559571,9.816244506110628,0.42237932573850856
360,-85.33184476769381,-34.71988357572994,-6.763504014648504,9.90671252914021,0.35238979249324676
360,-61.9988685751741,11.105444890476036,-78.09666441503913,9.789679593909943,0.3373366571266453
360,-62.523267596588965,5.706598133430788,-77.77054594580085,9.862444653773215,0.30261267699376027
653,-91.04604910234832,-5.101733207702637,-139.0182228088379,9.992374445724135,0.9672093230151206
653,-44.72572098593139,-53.908056020736694,-129.34832763671875,9.951043163636804,0.7499792581572661
653,85.62036742349244,22.778563499450684,-113.3058853149414,9.830854572641778,0.7076315543175619
251,92.80834674835205,-227.31763219833374,-206.25665283203125,9.962346858314849,0.9973173792645168
251,96.67639255523682,-222.35356068611145,-210.72528076171875,9.826895476266065,0.3584891912530704
251,93.65328550338745,-235.96495604515076,-206.83792114257812,9.947869283809734,0.34525265905124464
251,72.77660131454468,-229.01242351531982,-183.7681121826172,9.82336303292417,0.30416363600763763
251,109.62624788284302,-225.25744891166687,-214.0674285888672,9.935026660975074,0.3035651848852286
537,25.657105497619625,92.10091876983643,-116.50463104248047,9.92978371726572,0.7264648310917402
537,-53.4792661149292,100.29443550109863,-196.28141403198242,9.632524747684949,0.5742957932698685
537,-61.90600390026856,-31.507157802581787,-176.64892196655273,9.916429791333847,0.3309514290202851
797,-93.39479563259158,60.6756651882273,1524.0899658203125,10.01435970865002,0.9727773292051058
797,-89.8273707724876,107.11394607649106,1530.8160552978516,9.97981252968616,0.8729791381121383
797,-76.10728137408807,-22.299927855772353,1609.5882568359375,9.859410284407438,0.7539701170216033
797,60.79607647120008,49.9528615089979,1488.452621459961,9.971281386777978,0.7467811695612318
797,-92.83652662433917,60.05207051034574,1523.08984375,9.839343112485384,0.6521456860012397
797,-34.96264298571771,-62.534064761260765,1601.5032653808594,9.94043280847188,0.5390541936073822
797,-109.71666474562164,89.44347758676793,1484.8988876342773,9.730716982431485,0.50095319323466
797,-117.79702724853848,58.72263695129311,1498.247787475586,9.773484617807792,0.38714271677786216
797,-81.64687898749673,-41.634909531547805,1580.7786254882812,9.720772364216652,0.3800271861928027
797,-87.29478823330021,85.45507040326027,1577.3768920898438,9.748926695765158,0.3581232763257883
797,-17.978448160713583,95.36961869538334,1538.176498413086,9.714845084944558,0.3500492841848238
797,-57.80886209677794,-42.5819852949395,1553.9503631591797,9.742580376337783,0.3376354448696736
797,-91.19433184388038,55.216810038576455,1522.1445693969727,9.673828242102104,0.31249880791165197
271,39.749226684819746,-68.35375680999638,-172.23715355187989,9.995540592778283,0.6011056805564826
481,-78.30813741683963,86.33172512054443,-155.92978656494142,10.009829647798101,0.9142423938336269
481,119.6363773345947,-46.257838010787964,-157.76463687622072,9.969477502748653,0.6521105281436467
481,105.65541648864743,-58.04421544075012,-155.20070255004885,9.852512555351291,0.5254496707001046
481,-77.98913693428042,86.40789985656738,-158.9503401538086,9.96160415085492,0.41822822388186276
481,43.045255184173556,27.5746750831604,-32.398082615966814,9.838433245496795,0.32476281798742795
481,-78.31566369533542,86.38732194900513,-157.2335070391846,9.842225414201911,0.3122620607504467
380,-50.170292019844055,-71.00624060630798,-221.27597340276583,9.939221931565868,0.9860296103030062
380,-72.62679195404053,-55.302300214767456,-181.58298891960288,9.808300083146372,0.985751833135051
380,-59.83519411087036,-95.21190738677979,-107.71506790280176,9.92368274467192,0.9585584739119399
380,-72.55868172645569,-215.4503217935562,-183.12048430123644,9.721485690026062,0.9445438350126053
380,-111.4766896367073,-183.0406448841095,-201.29630626847205,9.762407579157845,0.9386868164590099
380,-67.71488046646118,-69.36823344230652,-196.03289393231893,9.719413342313345,0.9094495946613064
380,23.401512145996094,-177.3465654850006,-155.86622019168493,9.749463611523849,0.9065467657785407
380,-95.21489000320435,-95.45087432861328,-181.18962345150788,9.715046867831575,0.9007350067043213
380,-86.40485262870789,-204.7628722190857,-201.91868174026598,9.746222645780128,0.8747853702333982
380,-46.1962149143219,-90.63979601860046,-143.46056866485372,9.677087907316256,0.7688864262312421
380,-71.22570431232452,-87.50674343109131,-135.510202664529,9.630107585119775,0.7289487423156574
380,-51.24326503276825,-70.37230944633484,-218.08404691261597,9.660348578644426,0.6330583198176097
380,-90.14050370454788,-219.04440140724182,-204.2886386476984,10.024114184658169,0.5355214151704557
380,-50.50704336166382,-77.16348385810852,-223.61886274499733,18.512855161609604,0.4045470727392169
380,56.19260811805725,-130.42110419273376,-127.68829430240288,10.101939528897981,0.3588917346866524
380,-60.1957813501358,-96.32704472541809,-108.80150586230224,9.682940152367767,0.33221475739268813
